url,price_rub,address,rooms,total_area_m2,floor,floors_total
https://krasnodar.cian.ru/sale/flat/325558374/?context=3.UsOclEjgoJM.XwB5b2GlsbA_Dq5T6LWa00snPBt2ou8mlR970fWYV4oxg4jyPqod8Nj-TbhDrh222n2hYtHZ1SPSug&mlSearchSessionGuid=139237a11829fed231f7bdc7870a78d2,1600000,"Краснодар, Карасунский",0,17.4,2,5
https://krasnodar.cian.ru/sale/flat/327400249/?context=3.8qdElzfONgc.LHjdsA_PEd0M5olb2cSTPScXU6gmTqT9ZTYhVHSasjJhpdzz7XxIg_LTHCAQhlq6yvbvWG6THa8sQQ&mlSearchSessionGuid=139237a11829fed231f7bdc7870a78d2,1800000,"Краснодар, Карасунский",0,20.7,16,25
https://krasnodar.cian.ru/sale/flat/325601795/?context=3.eWhBL0nQaj8.M0ul88q-msVC2ZI0cKDNGuoR4XJ7upTJFltAYDlsq_n3AzOE8b4rTca1N6ckuwJPFme1S-Y9D3gP_A&mlSearchSessionGuid=139237a11829fed231f7bdc7870a78d2,1900000,"Краснодар, Прикубанский",0,21.6,15,16
https://krasnodar.cian.ru/sale/flat/325105687/?context=3.J-HzzY-owTU.d9XBLSN4gHoh5isZXYIG_D5HUevSNMq-I7-AkuOn6vdavcCxkJ0JI5wbZgDUOx-5qfQgD2vINijvRA&mlSearchSessionGuid=139237a11829fed231f7bdc7870a78d2,1950000,"Краснодар, Прикубанский",0,21.6,15,16
https://krasnodar.cian.ru/sale/flat/327400256/?context=3.aQdmOdAwe64.odN5oky1hD7DDl3kdw0KddMMf1EdC6P66RiXkVVW-DQ2aQtsgzpHwh5V6OIHU8-o7M2s4F3rWP0VZg&mlSearchSessionGuid=139237a11829fed231f7bdc7870a78d2,2000000,"Краснодар, Прикубанский",1,33.9,5,6
https://krasnodar.cian.ru/sale/flat/328188788/?context=3.1WeV3zcmqgM._lxt5nvZal2mXYicQnzKHoZ33IcBFLWq4XHqUMFR-uCN9fKDRA7y_uOYaoDDW5kBAfHRg6-VHz0QcQ&mlSearchSessionGuid=139237a11829fed231f7bdc7870a78d2,2150000,"Краснодар, Прикубанский",0,22.0,3,17
https://krasnodar.cian.ru/sale/flat/327620836/?context=3.mcf0kTEs3O0.GY1Y-Xiy6mI_C1d3QZoKDg8zu7basUr35F6sx5_Lp42IQxTFooBAPe5qWZUvw2maJLjYkz3p3DhhGw&mlSearchSessionGuid=139237a11829fed231f7bdc7870a78d2,2200000,"Краснодар, Прикубанский",1,25.2,5,6
https://krasnodar.cian.ru/sale/flat/324143551/?context=3.hvL1zm6bX68.7rojzUQ5FQl6yUlWjaXv7Mt-dWV0bPsPVW8SvdnMfLdlabjXCa9jZJxhDgNIyOSrM2fygZr9DZcTTw&mlSearchSessionGuid=139237a11829fed231f7bdc7870a78d2,2430000,"Краснодар, Прикубанский",1,34.9,6,6
https://krasnodar.cian.ru/sale/flat/327386687/?context=3.8lfSIDQNEoo.dK3cXQMg27MEMAout4eWgnuZphWu2SJ9i2B4BNLiwd4mMkS7-drL8kPyx7CWfedguUhmFiajObQjRQ&mlSearchSessionGuid=139237a11829fed231f7bdc7870a78d2,2450000,"Краснодар, Прикубанский",0,25.0,12,24
https://krasnodar.cian.ru/sale/flat/327713719/?context=3.PTfAjoEFWe4.gLoiTshF-nhuL7jyQ5CetpHvy_28G8Po3MxbroepgmeU56KErEOAvY9Z9U8ifmKTqcFMfrWBUog5Kg&mlSearchSessionGuid=139237a11829fed231f7bdc7870a78d2,2500000,"Краснодар, Центральный",1,22.3,1,1
https://krasnodar.cian.ru/sale/flat/324143537/?context=3.74PDFBbJr5g.IauYLXnSqMT34zocDfyP-3deQQ1oEu4682M-VK47RX8FWqs16GFwqHHj4HHTJ5w2K5_oCJZc5deYVw&mlSearchSessionGuid=139237a11829fed231f7bdc7870a78d2,2530000,"Краснодар, Прикубанский",0,21.1,9,16
https://krasnodar.cian.ru/sale/flat/310138856/?context=3._hGxDxl0tDU._LWdBDcYyo_GZ2hozS1JneUrlLSrJQy4QNfEpmxWg6RA4waJfv84yD6o_OdX-iQ_E7oflf-tImCjSA&mlSearchSessionGuid=139237a11829fed231f7bdc7870a78d2,2550000,"Краснодар, Прикубанский",1,30.0,4,9
https://krasnodar.cian.ru/sale/flat/327620832/?context=3.aFDP7fTzg8E.mdpbm4x5a9N6cZsnIbC7Z5AUm3SvY0eT_wvfOdF_efLeBSw_2UJyGadqkG8k8vzIxKK5hI47rHMIDQ&mlSearchSessionGuid=139237a11829fed231f7bdc7870a78d2,2550000,"Краснодар, Прикубанский",1,32.1,23,24
https://krasnodar.cian.ru/sale/flat/326507130/?context=3.OMGMR2-k81Q.8fYHT8JN3XsmjvmDZVoq_qnvi6BbgdNcNUDA-InCwE2cd5jfnnRmBNkAlcWEGjX_Lu1oh834cqFjMA&mlSearchSessionGuid=139237a11829fed231f7bdc7870a78d2,2600000,"Краснодар, Карасунский",1,31.6,7,10
https://krasnodar.cian.ru/sale/flat/322036941/?context=3.G87fBeh3xwA.8uGL7vm3gbRsLju1c880si6pCp9BTc2tn4RV5XYh_gSWz2dGo_G7ocmpLec8P1opzsF6cZzyGQyTSA&mlSearchSessionGuid=139237a11829fed231f7bdc7870a78d2,2700000,"Краснодар, Прикубанский",1,36.0,7,21
https://krasnodar.cian.ru/sale/flat/327770124/?context=3.R7in-xRGAk8.UG69bboZaC5GKua_oB14fsvuARvDPQPekTUUNKEoNrC944kohQUuIMtM4TMJCuuoWP_RHOFsy91nMQ&mlSearchSessionGuid=139237a11829fed231f7bdc7870a78d2,2700000,"Краснодар, Центральный",2,32.2,1,1
https://krasnodar.cian.ru/sale/flat/324133680/?context=3.Y9K5u9JGvCE.x8gLkpQXj-A8ErnxOup0sR2N_Wavsasqgn9XJ28p2NcofSwVv0FRto3V7sH6zYG-l36sZkNiHL1BjA&mlSearchSessionGuid=139237a11829fed231f7bdc7870a78d2,2730000,"Краснодар, Прикубанский",0,21.1,8,16
https://maykop.cian.ru/sale/flat/326481593/?context=3.FldQgMXW7GI.EajydXo1wRacDcpfYOqBx80RCeSL547aMkh9WCFxN3xIDW_77HN5D1lsVJ0Pz991FUWsghMvfjMOQw&mlSearchSessionGuid=139237a11829fed231f7bdc7870a78d2,2750000,"Краснодар, Тургеневского моста Квaртира pacпoлoжена на трeтьем этaже киpпичного 5-этaжнoгo дома. Компактная студия 19м2",0,19.6,3,5
https://krasnodar.cian.ru/sale/flat/327698845/?context=3.eY45K_PXJtA.nkEFPmauXD6tAfYA9N8uyMNkipEdJb5HnvH3kxj8UNN8Zb9Zd_iHyLuD4p0JXjx7_JRzNWPU70isxA&mlSearchSessionGuid=139237a11829fed231f7bdc7870a78d2,2850000,"Краснодар, Прикубанский",1,47.6,21,24
https://maykop.cian.ru/sale/flat/328193307/?context=3.x14mG_VxsPk.xMa8Hq4fsrRDhTSfwwcH_ex3lfHLV_qen4PvSWBR1U3Y0n6WcaX56tvQLEJCnJqqNO2ojFYzgwjynw&mlSearchSessionGuid=139237a11829fed231f7bdc7870a78d2,2900000,"Краснодар, быстрый выход на сделку. Готова к продаже .",0,29.2,2,5
https://krasnodar.cian.ru/sale/flat/327527846/?context=3.ZW4Xn584Rxo.swzgwjR4C-EaQ7vesJ5-MrbzJlKqnbWVl0WcftpU6Wr9ehcLcaZ_sIXZMb_AEf8ikQQV66ho4LPktA&mlSearchSessionGuid=139237a11829fed231f7bdc7870a78d2,2900000,"Краснодар, Прикубанский",1,39.8,2,16
https://krasnodar.cian.ru/sale/flat/321437057/?context=3._QN5UpmdNWE.jZ3JH0AWQfrsYcPYbyN8yNN82Ws2PV3EtnMe5nlUi8lJj3kEY1GibawibGtuhsxBWpS9Y8mVRUNk8A&mlSearchSessionGuid=139237a11829fed231f7bdc7870a78d2,2900000,"Краснодар, Прикубанский",2,37.0,3,24
https://maykop.cian.ru/sale/flat/324143595/?context=3.1dKTdo1IA5A.B3jxcejAQcnT3xlNHldfeuyoNb_WAgyjeiHmfvGezfxLjmvL-_sOMHSqjOp8ow-YzEtYV260doEvqg&mlSearchSessionGuid=139237a11829fed231f7bdc7870a78d2,2930000,Краснодар,0,21.7,1,10
https://krasnodar.cian.ru/sale/flat/320332917/?context=3.OQROorh2puk.4iIN8i6RanOurlffO5e5CgNsN9ASYfpPPzINDbns6ZJjmz6EsVYgt1Vm9vS4f6LwsFqAsVSOtesoXg&mlSearchSessionGuid=139237a11829fed231f7bdc7870a78d2,2950000,"Краснодар, Прикубанский",2,53.9,9,10
https://krasnodar.cian.ru/sale/flat/327386706/?context=3.YvYp2eEwM50.HeVGPR5QBd3OvY_m8F9nSpIFR9YcHL0opI3uw1wRbMdxPpjMaGtwlh71Jwjqg2ejrXF8fYbIEKu6zQ&mlSearchSessionGuid=139237a11829fed231f7bdc7870a78d2,2980000,"Краснодар, Прикубанский",1,30.5,2,8
https://krasnodar.cian.ru/sale/flat/313817972/?context=3.h4afZDjp_mg.q17S1u5A5LosMPFbKnkdYNIu8MhnsdXRQbHruUnb9OOIJspe-pfUUBTgwdzWtyCgbpDzfOMA98u9mQ&mlSearchSessionGuid=139237a11829fed231f7bdc7870a78d2,2990000,"Краснодар, Прикубанский",1,33.64,10,21
https://krasnodar.cian.ru/sale/flat/325135397/?context=3.Q1lMi3fFRAg.rA8tc3t9SdHTHjSvTbLBeKdZyIUOklEoJVz307YiT0FdLNccIVLgk1i1UqsPr9JVxNVrYqjtuzpFCg&mlSearchSessionGuid=139237a11829fed231f7bdc7870a78d2,2999000,"Краснодар, Карасунский",0,18.0,1,5
https://krasnodar.cian.ru/sale/flat/327480623/?context=3.UPbO8MX-kvk.861zZCRHRYYqrRJ4LsaH8HeJf2kSX1s76HrXCHbHzQqj7hdY5b8aJ1FadEg7RxlzuYsL_z2rgIgz0w&mlSearchSessionGuid=139237a11829fed231f7bdc7870a78d2,3000000,"Краснодар, Прикубанский",2,60.0,8,22
https://krasnodar.cian.ru/sale/flat/326002606/?context=3.U3JXZn7eSpk.43GTfXY26Vgn18C-9bkrXl0gje8FpLkofKzg3z7OtxdGuRX7bRqVDuwdWxrfodTZzED7MYAbqpcxxA&mlSearchSessionGuid=139237a11829fed231f7bdc7870a78d2,3000000,"Краснодар, Прикубанский",0,22.7,8,19
https://krasnodar.cian.ru/sale/flat/323124908/?context=3.hlBJz13OST0.8etq1uvG-V9JH0wybCDsEVjezWhGMKYUasCJ7Dviwkv0dcyRVcx14WUr5X7RgBQxZIUpevkzFPTGsw&mlSearchSessionGuid=139237a11829fed231f7bdc7870a78d2,3000000,"Краснодар, Прикубанский",1,37.0,9,16
https://krasnodar.cian.ru/sale/flat/327387242/?context=3.9tFjaKKTrdo.3nim5piYak-N-21L6TF-69mhJZ-L0KgehJ0Y20nD61W5v6W8_A8thsSJAFnnmN4FnlH1fG5wQrmTJA&mlSearchSessionGuid=139237a11829fed231f7bdc7870a78d2,3000000,"Краснодар, Прикубанский",1,32.0,9,16
https://krasnodar.cian.ru/sale/flat/327701384/?context=3.wKpI_p8I91o.16plhr1kv84pKQNMDJd05vMsG4CXttVsCltx_EvYUprzM7t8KEcAM9GnvZ8hzmd_8tnZjRQlga3mjg&mlSearchSessionGuid=139237a11829fed231f7bdc7870a78d2,3150000,"Краснодар, Прикубанский",1,36.1,2,14
https://maykop.cian.ru/sale/flat/265191294/?context=3.FCK8wTN4oFE.FM0h1i1doYlELsuAWHyaT8wlStl4KqVJlrkBssS4-oDcaOdWRY_SZ-NoyG6cNE86VI9n5hQGkChVZQ&mlSearchSessionGuid=139237a11829fed231f7bdc7870a78d2,3180000,Краснодар,0,31.8,5,5
https://krasnodar.cian.ru/sale/flat/323124324/?context=3.T8tRzOSjEaQ.o0HWC_lqP6UHWfelCMQRpaQXmJpd1pZL6cIKEWjr4aYPmnwKfySl6MjYEO5qOSIDfBp0M2BUZFZpHw&mlSearchSessionGuid=139237a11829fed231f7bdc7870a78d2,3200000,"Краснодар, Прикубанский",1,39.0,1,10
https://krasnodar.cian.ru/sale/flat/321948581/?context=3.Hyd6P6a_ZUM.TIpyVRGitZJNYhzSMbrnOg2hknJxVsfZDAppy12FTctEDJUWgLNysQToCXtRjx4dFOWTZRGftjwQfQ&mlSearchSessionGuid=139237a11829fed231f7bdc7870a78d2,3200000,"Краснодар, Прикубанский",0,25.0,3,5
https://krasnodar.cian.ru/sale/flat/327621677/?context=3.orPoaoON0Aw.2BMTa_eWSoT9-zicAh_8CMls8JBqAV741Xv29WCTgP9uJgU6oMObCdLcSoO81mJS1DMlt8FwdvDceg&mlSearchSessionGuid=139237a11829fed231f7bdc7870a78d2,3200000,"Краснодар, Прикубанский",2,38.9,4,5
https://krasnodar.cian.ru/sale/flat/301221627/?context=3.p72vYMbDBYc.8WmUhHpK_86tfi8ZxVhy0k_6R9qoqC2NdT4FEjm-YqABFFoAs79fMvPHIzy7Y6iOmxlS4LIXCC0y7A&mlSearchSessionGuid=139237a11829fed231f7bdc7870a78d2,3200000,"Краснодар, Западный",0,30.5,5,16
https://krasnodar.cian.ru/sale/flat/301216801/?context=3.231vM7BKBaw.V3B3ujVnLrxU_cuo3FYgB7rkh33HNgCg29E7cyciUIFvpk3UBQ9kpM_3csF9LVMVSGZskF8m6p4LjA&mlSearchSessionGuid=139237a11829fed231f7bdc7870a78d2,3200000,"Краснодар, Прикубанский",1,42.0,6,19
https://krasnodar.cian.ru/sale/flat/300865973/?context=3.Ccxe0hsr4xk.hg5Hj7eGwE3rEqQEQeKKiqrFbWbkkMPPeYY03OdVVRFRnCkLLovVQcD2MD4Emhfsx0htNR_PrDrHqw&mlSearchSessionGuid=139237a11829fed231f7bdc7870a78d2,3200000,"Краснодар, Западный",1,39.0,2,3
https://krasnodar.cian.ru/sale/flat/325397794/?context=3.qrVVBVFvgLM.z4y4Iyij6Zl8HHsEXpSfklpjZiuxUbSlmNejYpFpk4obRjnoC6rB0B6jBRo9BalifBwqctIueL3hug&mlSearchSessionGuid=139237a11829fed231f7bdc7870a78d2,3220000,"Краснодар, Карасунский",1,33.7,8,9
https://krasnodar.cian.ru/sale/flat/327835637/?context=3.BsRYS9Jz2Sk.rpLckEJyZfcUYkDk6uASgW4BzUAdHmoOUnqiGM-99PHlfnL4ohmPvr3BlfCwxl5w1qOO592dQMy3Mw&mlSearchSessionGuid=139237a11829fed231f7bdc7870a78d2,3227000,"Краснодар, Прикубанский",0,23.05,6,8
https://krasnodar.cian.ru/sale/flat/326646104/?context=3.Oj7yhQWieYw.FAt7scTSuuPO7CJ46bUnlNp1ZD0CkwhyIZlLul_g6Pre0RGYpaFahKPOMeA8EcFTxMzzvYCpC-LoYA&mlSearchSessionGuid=139237a11829fed231f7bdc7870a78d2,3300000,"Краснодар, Прикубанский",1,36.6,6,19
https://krasnodar.cian.ru/sale/flat/324143534/?context=3.WqPfshCr0pY.7r9JkQJcSqV4alPgGl0iK3AfSvOsqryIErlknnmb0DySy49YYVg-7gELO4LPLsbX2WwV41CNH9GyCQ&mlSearchSessionGuid=139237a11829fed231f7bdc7870a78d2,3330000,"Краснодар, Прикубанский",1,34.5,11,16
https://krasnodar.cian.ru/sale/flat/328243644/?context=3.3D9zxVSTX_I._W5rDfdMhKyS37fGojMZtNTOpufKPlz9Zh_9BfsDebIeiBsHIUlFN09HyGB2DifoHnjjkpy2Q_g4gA&mlSearchSessionGuid=139237a11829fed231f7bdc7870a78d2,3350000,"Краснодар, Карасунский",1,33.0,4,6
https://krasnodar.cian.ru/sale/flat/294370661/?context=3.7P3kQwKKJls.8-1xJBv2LE8kZcHrRLGm9oF30PAK53F4YU9YjGg6Rqed4lJ7YbAjpBqHVy_X0aluCZAeMOH_F309Tw&mlSearchSessionGuid=139237a11829fed231f7bdc7870a78d2,3410000,"Краснодар, Карасунский",1,36.0,5,9
https://krasnodar.cian.ru/sale/flat/324143536/?context=3.PzO8UOty0E0.Nxh7t0voGpZN7GZEojMT0YipFIaesgm71QHJFGt5h0arpy3zuFLre628SgcPMO5pbBpAzx4g2bLkZw&mlSearchSessionGuid=139237a11829fed231f7bdc7870a78d2,3530000,"Краснодар, Прикубанский",1,31.6,16,18
https://krasnodar.cian.ru/sale/flat/328285068/?context=3.YKdEBUdZeDI.UtdeFDcuzKUlZXUtLxaS3Tklx3OXvpAiQfwBEX-tdh6XHtmP3PQTA5PV8sjsjNcVEa-1TE57POgNKg&mlSearchSessionGuid=139237a11829fed231f7bdc7870a78d2,3550000,"Краснодар, Прикубанский",1,43.0,6,6
https://krasnodar.cian.ru/sale/flat/298058823/?context=3.D1XUHaqWKUA.ajs4oQvpkqkYNFhmGAJ8gPqV4c3ZO4qEmM_ciCn-or5Z35gQc_ytZHWzwts-tolIbZcxkjj7gJTsCg&mlSearchSessionGuid=139237a11829fed231f7bdc7870a78d2,3550000,"Краснодар, Карасунский",0,29.0,2,3
https://krasnodar.cian.ru/sale/flat/326507133/?context=3.k0GVXorTO-o.dD-wgIO8R_UyycU6mEryExc5Eh2lgF5k3ZWVw6NRLaGjHxDwCO-GSQbpb7YnO3PKPJEIio--mIr6_Q&mlSearchSessionGuid=139237a11829fed231f7bdc7870a78d2,3600000,"Краснодар, Карасунский",2,43.9,4,5
https://krasnodar.cian.ru/sale/flat/318922939/?context=3.TTcBFQjUG88.keq91PsryewYpbBnfC7unIWWOfguA69vFnjGGMA9eVJnj0DGgNnMDg93-CdMJzWyz268EXheg9vgLw&mlSearchSessionGuid=139237a11829fed231f7bdc7870a78d2,3600000,"Краснодар, Прикубанский",2,71.5,7,7
https://krasnodar.cian.ru/sale/flat/324084914/?context=3.ocZKWYLBRRA.0ehX4uRfmQACapPY4bvBJ5FyfEE4Xi1-W4diNlYwGVkK7ffGy3oAP0kElpBsDUdeJSRIP8_lAyUbkQ&mlSearchSessionGuid=139237a11829fed231f7bdc7870a78d2,3630000,"Краснодар, Прикубанский",0,32.3,11,17
https://krasnodar.cian.ru/sale/flat/317037727/?context=3.reOtNleJPuM.BqGNvqkQsJlGsvj6OTQ1qWCHeqqFHup-YTObAkEAg53VH1jFh-tBo_Mq_iLNxTqnK02TX1nxbqVLjw&mlSearchSessionGuid=139237a11829fed231f7bdc7870a78d2,3647000,"Краснодар, Прикубанский",0,20.84,7,9
https://krasnodar.cian.ru/sale/flat/324129587/?context=3.22scZ27nUjY.MXBnXCT7Y5zB-PYwkpGNKYjWv590ux-v2lqSv8ox9rJ6QkyTtzf3ZMPgXjgLLV69q_hEGW_ZcNJ7KA&mlSearchSessionGuid=139237a11829fed231f7bdc7870a78d2,3650000,"Краснодар, Прикубанский",1,35.0,12,16
https://maykop.cian.ru/sale/flat/328064807/?context=3.GgX0b9xzCfQ.Uw7XJNOvEV4mmOtGiyivNm5H85KyEFveEE5hwrU_qZqQSILp7vO7k4mqzSNACg2WwJGb8h6kHQzbsA&mlSearchSessionGuid=139237a11829fed231f7bdc7870a78d2,3650000,Краснодар,2,48.4,3,10
https://krasnodar.cian.ru/sale/flat/327586768/?context=3.dcJi6Ie3Nlo.T2HuY_EBus1FC_1gS8Oqht0nTcY6F8-yWe86p5LZT05WcL0eHMN498jKioKmkJ3VfZGrG4YBYun4rg&mlSearchSessionGuid=139237a11829fed231f7bdc7870a78d2,3700000,"Краснодар, Карасунский",1,38.2,15,20
https://maykop.cian.ru/sale/flat/328324536/?context=3.pbX8Sk6VXD4.GQBJcApQLUJkS8RGUXJF4J7ZENE-2k_AYueo45ftMg7jW2Jg79KEAo3et2qyMpDGoTuGNEOdK8vSPA&mlSearchSessionGuid=139237a11829fed231f7bdc7870a78d2,3700000,Краснодар,1,37.2,1,6
https://krasnodar.cian.ru/sale/flat/324143542/?context=3.A8C22P4DylQ.qZ-4e73XrFk49GGQkJEyZiBnUorQkHBDgnXL6wpi_YFdxORdNbsbeF8gnvCeY4Zw0vivgKJC8ZiLog&mlSearchSessionGuid=139237a11829fed231f7bdc7870a78d2,3730000,"Краснодар, Прикубанский",1,35.1,11,21
https://krasnodar.cian.ru/sale/flat/324083274/?context=3.CAfaz6zfJKE.wPIdz0jX_gx043nPj9WgRXFSWmOogqD3-ElXPzMZCr1a6Te9kb-9dWtB806vPDQiDzyS1Aqagef9Mw&mlSearchSessionGuid=139237a11829fed231f7bdc7870a78d2,3750000,"Краснодар, Центральный",1,33.4,4,5
https://krasnodar.cian.ru/sale/flat/325105743/?context=3.xSNQpdjuY6Y.gv8tJLgnzEIQ9_0vn1ovnu6RQ-ywqSMMeAyFs9dv8NF5ODW9xCfwYMc2iCGgHDrFdPpSvDTFbooFDA&mlSearchSessionGuid=139237a11829fed231f7bdc7870a78d2,3800000,"Краснодар, Прикубанский",1,39.4,11,19
https://krasnodar.cian.ru/sale/flat/324143549/?context=3.gincEN3H0O0.PaDv6xytROF0i8ImY3ro1Jqz9rcIps-NfMjmW8efGKqWiCWYoQG9bYBvTGXVaF30ICVRlc7ow9BrOw&mlSearchSessionGuid=139237a11829fed231f7bdc7870a78d2,3830000,"Краснодар, Прикубанский",1,34.0,2,22
https://krasnodar.cian.ru/sale/flat/324143535/?context=3.D_XM_DpL_Xs.IIz4wcKHs0yNKYrPWvkqiTMSNCPtu8CGOgZDJTf4aFyKkviEH4lvy33Cm9W2xD5qMdOiiQUm44BCNQ&mlSearchSessionGuid=139237a11829fed231f7bdc7870a78d2,3830000,"Краснодар, Прикубанский",1,33.0,13,19
https://krasnodar.cian.ru/sale/flat/316386037/?context=3.xwLWL5rdq2Q.quimF2-LCAm_gD9tpVRqVUNTMf9GA6DstTRKTxXcg10ttwnC9Xi4OQdRi6Uw6dSgblBWkU19jGwAtQ&mlSearchSessionGuid=139237a11829fed231f7bdc7870a78d2,3852292,"Краснодар, Прикубанский",0,26.4,12,15
https://krasnodar.cian.ru/sale/flat/301220914/?context=3.EL5ClDk2Xtk.G-SfAdS8sb0HhG0r_o7Qy7fDwlJHUEV8UrkJt49KcFQ5CS0E7sZxCso0XxxU2Xz8kxjN5qRi-3epRw&mlSearchSessionGuid=139237a11829fed231f7bdc7870a78d2,3900000,"Краснодар, Прикубанский",1,37.5,7,14
https://krasnodar.cian.ru/sale/flat/323124839/?context=3.59ZJvSTmHTE.JWI4Akl9WfPUY23oVvKNnmSUIR9GvznV-vl2yxR8hvFzpRVhGkDAYS7eAV-HkYglxy3VbeBeV7CUpQ&mlSearchSessionGuid=139237a11829fed231f7bdc7870a78d2,3900000,"Краснодар, Прикубанский",1,38.0,3,16
https://maykop.cian.ru/sale/flat/328341519/?context=3.narL1E7_ogc.HSzZ0yyFbM_sBhBxc4vFTxfCqC6DfmKJOinuBbhTSp2NwCio8_dF-6kkiwBndIsYB6Pi_ESilSXEYA&mlSearchSessionGuid=139237a11829fed231f7bdc7870a78d2,3900000,Краснодар,1,40.9,3,3
https://maykop.cian.ru/sale/flat/328070673/?context=3.ThHqqD4y4Os.jdVhvowol4cfT5uIKFJ_ydsYBy2vN7Jei59UvuEuXH6_DMW18VmEKHuRgQY4ulqtDQe_oyKXSvy4TQ&mlSearchSessionGuid=139237a11829fed231f7bdc7870a78d2,3900000,Краснодар,1,35.0,3,5
https://maykop.cian.ru/sale/flat/315965168/?context=3.K9HMO2-yjdw.E-mmYsg89SUqBgqmZGMYE-yNYh-xdi4AEWlY3Thvje5BPemShMjcw0lk8kz12gpqw-Fa5yRuHB3A3w&mlSearchSessionGuid=139237a11829fed231f7bdc7870a78d2,3900000,Краснодар,1,29.3,7,9
https://krasnodar.cian.ru/sale/flat/326106362/?context=3.SIcMqNDejfw.s4-s_8Q_E9Izl5bdkwHfHIHcQxh3v-afi4pnfkS8IeM-prgdprQZNFOexK3qqiWaY6xeiwBN84aLvQ&mlSearchSessionGuid=139237a11829fed231f7bdc7870a78d2,3925000,"Краснодар, Карасунский",0,25.0,2,9
https://maykop.cian.ru/sale/flat/302101645/?context=3.F7XtGLAtxx8.dmwvK5Mjm7r2-J2IMJQJTY91zqU3OkHmVQx04hm8ibG850gVbDu5_0F14-ySjKQfU5Pj71YTpMM6xw&mlSearchSessionGuid=139237a11829fed231f7bdc7870a78d2,3941681,Краснодар,1,33.7,4,5
https://krasnodar.cian.ru/sale/flat/301215123/?context=3.bFOqjJL1ZqM.157gDC0Q8A1bkPF71i8CEKbBnFRVZGKH4oG0iATIdfxiVveklMvNSVurbroi_dW9aMJJYK3ecsS9Xw&mlSearchSessionGuid=139237a11829fed231f7bdc7870a78d2,3950000,"Краснодар, Прикубанский",1,39.0,4,10
https://krasnodar.cian.ru/sale/flat/327386737/?context=3._hdrXzdYlHY.XPeUqT0IjcwfS2MHTD562xjH0_yGtmmmR8VJrjzZcw1LgALi3jiDuZunUQMP9hDdfIE2BUIC-0ExOw&mlSearchSessionGuid=139237a11829fed231f7bdc7870a78d2,4000000,"Краснодар, Прикубанский",1,44.1,16,24
https://krasnodar.cian.ru/sale/flat/320281244/?context=3.rcMO9lMlC6k.mHuovHXSBowNci01LX7jw-9zQojj5-mSJjyacBGOKc6w2mTaK-3jO0u-HGAjywyFzXgjGDcMLWlUlg&mlSearchSessionGuid=139237a11829fed231f7bdc7870a78d2,4000000,"Краснодар, Прикубанский",1,41.0,3,9
https://krasnodar.cian.ru/sale/flat/327387211/?context=3.yLCMyMH-uL8.IHkdMuKv7d0TVoHKF2tVWrO1l-57zhEx3De8djXIjIoZKNAEZKJU5oG08kLDVt0AxjovRJc7n2waNw&mlSearchSessionGuid=139237a11829fed231f7bdc7870a78d2,4060000,"Краснодар, Прикубанский",1,42.0,12,16
https://krasnodar.cian.ru/sale/flat/325135407/?context=3.haDQF3AJK0M.9xXvM6fAchc04_iq-8eVM3OKB8iPdhf5WTPKGw-o1sOqMKHirrOff0WdLpwKyx3s5GcI97va5TOdtA&mlSearchSessionGuid=139237a11829fed231f7bdc7870a78d2,4150000,"Краснодар, Западный",1,35.2,1,1
https://krasnodar.cian.ru/sale/flat/322578032/?context=3.MBpNuODeOUU.YRy4BjzWmZpGBKbvE3axgPFZdbUy6Gz-vtKgATkpmrN6Ee8z5c7bu6n2eYta15RDVjX4AFCBc4IvNg&mlSearchSessionGuid=139237a11829fed231f7bdc7870a78d2,4200000,"Краснодар, Прикубанский",1,35.9,2,6
https://krasnodar.cian.ru/sale/flat/316792439/?context=3.Wwj-VBfFdPg.b7LlaukbCbJL-TxzixPJZQCDcJrko_fb1PX-mraxXHRD0DiiGI7v06ybonj0yUqkAySesBbpNKjVLw&mlSearchSessionGuid=139237a11829fed231f7bdc7870a78d2,4202000,"Краснодар, Прикубанский",1,38.2,5,5
https://krasnodar.cian.ru/sale/flat/324127708/?context=3.wqhli9d2v4k.sQyvyqNtIeQAQgIn8f-mu5ZTYqTnZyzN1pRzF1FQPIPJTou6kubmiH5P4KkhY15wF5d7Pj8rmXRrjg&mlSearchSessionGuid=139237a11829fed231f7bdc7870a78d2,4230000,"Краснодар, Прикубанский",1,40.8,11,19
https://krasnodar.cian.ru/sale/flat/327689242/?context=3.kQumubPc4-4.A7FAu19N5rwURJW1ZHQh1cNF5I6EAUzAEPJJ8hX498_9E6LUeT6cvBnw1SJYhWui7VelY7CvIryAmw&mlSearchSessionGuid=139237a11829fed231f7bdc7870a78d2,4230000,"Краснодар, Прикубанский",3,63.6,5,5
https://krasnodar.cian.ru/sale/flat/317151766/?context=3.gAGwPsCDx5s.68Eem18kXEsMEcPgReBu1wEVDI5hsNAdNk9oknQksJkoyWl1wSXZvrZ0CcYlbeCsFwWesplACm2b-Q&mlSearchSessionGuid=139237a11829fed231f7bdc7870a78d2,4300000,"Краснодар, Прикубанский",1,34.7,4,18
https://krasnodar.cian.ru/sale/flat/327782832/?context=3.Tjp-3bOqY1U.RJvAT_LRbWg1IyjdDYnZnQDmHRveBUoEAg1XyDZFF4ZzPhkgAVXEMczmdVJRzZhrBIMwpNUp9WeliA&mlSearchSessionGuid=139237a11829fed231f7bdc7870a78d2,4350000,"Краснодар, Прикубанский",1,32.57,16,19
https://krasnodar.cian.ru/sale/flat/328005314/?context=3.lY9FsDFgf2I.iGTawbkL2vhkLFKEaPzDjJZGuzKe8PaBLWhHZPrzD3-Tu9NF5WSYqmRbHaMqKouh13Q-Gfeh3iDTbw&mlSearchSessionGuid=139237a11829fed231f7bdc7870a78d2,4350000,"Краснодар, Карасунский",2,45.0,8,9
https://krasnodar.cian.ru/sale/flat/327772241/?context=3.LoXaWUo8ywU.QWaKEDBDhAUqG5xNe_d_-iOgbG_9up7hoFjCqvWQmksKcdBcThu1FyqNZkTaHMjdCAmRbiB484twnw&mlSearchSessionGuid=139237a11829fed231f7bdc7870a78d2,4390000,"Краснодар, Прикубанский",1,28.8,3,9
https://krasnodar.cian.ru/sale/flat/327932078/?context=3.jlPmATpi6N0.epATuUzNIVT8zsAVm5U3tuTGvNCy6HtJ3-X2P_x5lVm0cHNY-HggCQ4jS9rTS0VtRqBgvbvKqeM5vg&mlSearchSessionGuid=139237a11829fed231f7bdc7870a78d2,4390000,"Краснодар, Прикубанский",2,47.0,4,5
https://krasnodar.cian.ru/sale/flat/327119352/?context=3.O6E17P77owY.uWhiCsMUt8iPRl-ChLJbXb_1hMwvnnQGUnJ3HvPVVQUI7ZNB_wLKa_sfB_mlvl0lNxf53DHuOONWmQ&mlSearchSessionGuid=139237a11829fed231f7bdc7870a78d2,4462976,"Краснодар, Прикубанский",0,22.4,13,18
https://krasnodar.cian.ru/sale/flat/324979577/?context=3.ofdx1FLxpks.TWb0N6zS9YqcVi4kp5NVBQeGLSFWDm3mLafiwj-0b0VbwCqCkjuT8rwhDDaNtPjCOiavGm55a1O2dQ&mlSearchSessionGuid=139237a11829fed231f7bdc7870a78d2,4500000,"Краснодар, Западный",2,43.2,5,5
https://krasnodar.cian.ru/sale/flat/321107159/?context=3.cdY4u9MBwKk.-eM-lYuJqsNFxLSgVyhkEdRkEp2wv0Jb8-byHboOU5Dfx1ZLcVvb723d7pOIVsGeh7vovZOkVaNLOA&mlSearchSessionGuid=139237a11829fed231f7bdc7870a78d2,4500000,"Краснодар, Карасунский",1,37.0,16,16
https://krasnodar.cian.ru/sale/flat/327386728/?context=3.VWkuzKvfCag.kI6wA--rpEiEMHhPiHauceVjQphb3Zqf-X_oDXQGiJ3csfFDadgsLqYQ0ay3T9zRK4PPv_78T9Z-sw&mlSearchSessionGuid=139237a11829fed231f7bdc7870a78d2,4520000,"Краснодар, Прикубанский",1,48.0,12,24
https://krasnodar.cian.ru/sale/flat/325837757/?context=3.xyRB_emrIxQ.FG4LM_vE7O72cFgzQ4oDrfesPEnpYQRZ0PsLbyvKi549EdWeHgRpZmDwO0XYkSnLxcIFJsuriTOltw&mlSearchSessionGuid=139237a11829fed231f7bdc7870a78d2,4550000,"Краснодар, Прикубанский",1,42.0,11,16
https://krasnodar.cian.ru/sale/flat/301211730/?context=3.gxCRhqHCh94.BmHAcLmEsAPdmCnAFTkgj_jSyPMl_GOYnsbWCpBD5zp06Y_IeMYJlbIhqpjl1h7Wn6CRMxqihH3yBQ&mlSearchSessionGuid=139237a11829fed231f7bdc7870a78d2,4550000,"Краснодар, Западный",1,42.0,10,19
https://krasnodar.cian.ru/sale/flat/326930861/?context=3.reLKWcPjlyQ.8cq4I4H2fGXF-tkFVrmQfOnxguUz89v1fvaX3-kpX3hLYjdgN3MOLQPifOhLp6uPROwsnDLuTgiZGQ&mlSearchSessionGuid=139237a11829fed231f7bdc7870a78d2,4560000,"Краснодар, Прикубанский",0,26.4,10,17
https://krasnodar.cian.ru/sale/flat/325189847/?context=3.vQkQeA_ok6M.yBBMLvtsTqKW3JCKx-e3swkx6mtflPV52uLFdr8Vo2bni8JjwJbbNokF54OmDKW_Rrle_-mYpIRxVQ&mlSearchSessionGuid=139237a11829fed231f7bdc7870a78d2,4700000,"Краснодар, Западный",2,46.9,7,10
https://krasnodar.cian.ru/sale/flat/328339936/?context=3.yW1_2tjjF7g.XBFpuuA38Anpgomx5PJbzZ3VcrNqF0-Il5CKprHUe1vI7k9k0-AYfVpmYRRJgqE9aCq_bMiJGS4k6A&mlSearchSessionGuid=139237a11829fed231f7bdc7870a78d2,4700000,"Краснодар, Прикубанский",1,34.2,15,16
https://krasnodar.cian.ru/sale/flat/328360553/?context=3.6eMDwvsAdZ4.t2AjaegzsA1aHBPTqjEMf6p4QvxRybtzYkzpFzFY3s5LN8CqFM-F4mjot6UhxizlUzKEoeUO91GxHw&mlSearchSessionGuid=139237a11829fed231f7bdc7870a78d2,4700000,"Краснодар, Прикубанский",1,43.0,5,7
https://krasnodar.cian.ru/sale/flat/326147582/?context=3.ibJmvaX0qRY.lt97WuTUw3B21J6gioL7EJDs7Voz2Uuz70tM8vji91bVepYe_6eMQz_YiOAEFymWuApxedIj8bdofg&mlSearchSessionGuid=139237a11829fed231f7bdc7870a78d2,4700000,"Краснодар, Прикубанский",1,38.4,10,17
https://krasnodar.cian.ru/sale/flat/319968837/?context=3._hZ35yBOAbs.c2uA-KZVyttpkuKe9rwHwJtyM9ww3_W3QGizN0344hyKcqLsq8AqH5atGeQ-QjJcYS9vSmLqsDeH2A&mlSearchSessionGuid=139237a11829fed231f7bdc7870a78d2,4741200,"Краснодар, Карасунский",1,35.12,2,3
https://krasnodar.cian.ru/sale/flat/316386061/?context=3.IFeHspmbatI.z1i4fhKcXydpp4dnFH-z5s1RZchpa342iEg1He60TffAQL6TjsGaNK7OJ6EPjvsKhEy_jpUZkqOTvQ&mlSearchSessionGuid=139237a11829fed231f7bdc7870a78d2,4776028,"Краснодар, Прикубанский",1,37.8,11,15
https://krasnodar.cian.ru/sale/flat/327648955/?context=3.cQnBdcIqJEA.rI0F-N-Wr6h0yKvZzsz_ROH3ZDi7T9ljLRE9QMZNwZfxYfSoJJ2v14qfU9PC8yBL_-6MqO9bMnPyDA&mlSearchSessionGuid=139237a11829fed231f7bdc7870a78d2,4800000,"Краснодар, Прикубанский",2,57.0,3,16
https://krasnodar.cian.ru/sale/flat/319249371/?context=3.3XZ7RbCIxyk.s_1549pINRnD6PlGYFz1D7139WcMJdxadQCa03HTvgydX_D0ubxcO7d_opJRV5eItw-vehHt10L_dg&mlSearchSessionGuid=139237a11829fed231f7bdc7870a78d2,4800000,"Краснодар, Прикубанский",2,50.0,9,21
https://krasnodar.cian.ru/sale/flat/303473070/?context=3.T6kQgY39gHw.Kd8fTUcbg23cSY7BGkNAmoCTLIb4EpGkPQ_nRVzNHetSqIabEROaSbPi24SgO-MCyaT7BtIaVtrqaA&mlSearchSessionGuid=139237a11829fed231f7bdc7870a78d2,4800000,"Краснодар, Прикубанский",2,61.0,7,19
https://krasnodar.cian.ru/sale/flat/316711050/?context=3.ocfBMd6S5PE.mKiC9gzYmlG-pP4wi5E8dfg1kE9sGUj70o421jVBL3_hWhXhH61k-BVI9dxohRjWzuWTj5yJRRe-Hg&mlSearchSessionGuid=139237a11829fed231f7bdc7870a78d2,4850000,"Краснодар, Прикубанский",1,41.0,8,22
https://krasnodar.cian.ru/sale/flat/323125047/?context=3.zpf3erqZi5I.loKnc5h4G2pcN4EiAUsoXy-7PwyKvSM6uD2k-SkeDEY6tyzHWsoZ_hG1_NXY8NPceMvmQZI4eeyKtQ&mlSearchSessionGuid=139237a11829fed231f7bdc7870a78d2,4900000,"Краснодар, Прикубанский",2,61.0,5,14
https://krasnodar.cian.ru/sale/flat/328167457/?context=3.bwpSrlCn7tQ.ENV5qyL4zFJu_GGOHCnnpF2mdspzS83b3s0bQCsKRZeJQIqv-4MZTzts1O103oppPwVdGX28hUmysg&mlSearchSessionGuid=139237a11829fed231f7bdc7870a78d2,4980000,"Краснодар, Центральный",1,38.0,13,24
https://krasnodar.cian.ru/sale/flat/301213930/?context=3.POBlYeX-URk.9ZriKDAXThIwRTMlQbdueycPRjAHKUVwYDYoQAT1yhwou0Qc-WTQ8ISw3jzEMvBWWSWPZNYvTSZAcQ&mlSearchSessionGuid=139237a11829fed231f7bdc7870a78d2,5000000,"Краснодар, Прикубанский",1,41.0,6,17
https://krasnodar.cian.ru/sale/flat/324115969/?context=3.mh5rHmz4iAk.rFs5a3a_MttiNCi7JpaTI7yHqb7smwAlWQTJFRScLWqZoBa0EH2Tv7bQ_-kJYy6RoH71XgJgKBYQZA&mlSearchSessionGuid=139237a11829fed231f7bdc7870a78d2,5050000,"Краснодар, Центральный",1,52.0,7,19
https://krasnodar.cian.ru/sale/flat/323982586/?context=3.eKba4hS7dmE.UbNBiduBArRWdfrdi7n5mDYMOl0SwW032Z1TaEizrvcCqyOcyYR6Q_RVZfVhPOJloCyVscbq3aIQpA&mlSearchSessionGuid=139237a11829fed231f7bdc7870a78d2,5060000,"Краснодар, Карасунский",1,22.0,15,16
https://krasnodar.cian.ru/sale/flat/325105690/?context=3.sA93n11hG8s.4l6b9K5oXz_y761mbPAtuOMMB3cOzkJOYp0JaV8DyKHXfKj-BhOcxQ1knbxA4EowvXK4zrVIgLA9CQ&mlSearchSessionGuid=139237a11829fed231f7bdc7870a78d2,5100000,"Краснодар, Карасунский",3,67.5,3,9
https://krasnodar.cian.ru/sale/flat/324555551/?context=3.g9R65BTETHM.D-Qz-C4PT_RvFyDDEqwo5ziUR_fgXz15_k42_UNb5Y_OpvR8Ub8XfQtE1QdoF_w182Fe4Wad5S3GdA&mlSearchSessionGuid=139237a11829fed231f7bdc7870a78d2,5100000,"Краснодар, Западный",2,46.7,1,10
https://krasnodar.cian.ru/sale/flat/301209034/?context=3.iu7XovG4ils.km4umwntzexLKv7v8juPo_qTZHdpJ7iqbA7iBEGWe9wJEUZe5jbSS0KeiMicna4DJ9MXND2AWTuXLw&mlSearchSessionGuid=139237a11829fed231f7bdc7870a78d2,5100000,"Краснодар, Западный",2,56.0,3,5
https://krasnodar.cian.ru/sale/flat/301215691/?context=3.vsVtEn6OtoA.0cbcDrBFeuR8xZI715BeQ3xnvh_5mZPXBXeNSylUfIPmD0egQFK3SSIQQjctpGzsQiGc9W9KxUKdRA&mlSearchSessionGuid=139237a11829fed231f7bdc7870a78d2,5100000,"Краснодар, Западный",2,54.0,7,20
https://maykop.cian.ru/sale/flat/269045483/?context=3.QYQXrwwGXds.g1YysRKXxpnhPom-08Gko3pL9oAMQ4Uzhju9AXqPRdPdEvA5Ee9MFerKnnfbYEC83uKas4b1wlkDoA&mlSearchSessionGuid=139237a11829fed231f7bdc7870a78d2,5117000,Краснодар,2,59.5,1,5
https://krasnodar.cian.ru/sale/flat/324133682/?context=3.FLLq451U0zM.oj5zo_7CMc6I58cxIo_bPOCO5Hm80Vffcmzz_-561PfJw7ubOb8zDNhvPJOkHTAzR1A78mmMILt5hw&mlSearchSessionGuid=139237a11829fed231f7bdc7870a78d2,5130000,"Краснодар, Карасунский",1,43.1,3,18
https://krasnodar.cian.ru/sale/flat/326352900/?context=3.rneLXxsBRM0.MJmSY36RUYBb-e7N_wFXwOct8pPMkH7U2bW9x7fX3ODvMKd-n1I4TlwabHwG12InrM8da-m5cKXHfg&mlSearchSessionGuid=139237a11829fed231f7bdc7870a78d2,5150000,"Краснодар, Прикубанский",2,61.0,9,12
https://krasnodar.cian.ru/sale/flat/326031956/?context=3.s6iy__fGUsk.OGRol9V9adCJu5whX9Gyd80WqCkkxgCqpcEFcxivQVacGMB5n0BTrVxD7pPMCKmiIYUeDmisApgQAA&mlSearchSessionGuid=139237a11829fed231f7bdc7870a78d2,5150000,"Краснодар, Карасунский",2,48.0,2,9
https://krasnodar.cian.ru/sale/flat/328053965/?context=3.86PmNbuOPK0.uGEqtD7l0QLYvFshiwX_wC1FMmH_f4sLCIqRaU0AX3HSwmShluoRg7zxoqbPztr2iHTXPKZvMwMUaA&mlSearchSessionGuid=139237a11829fed231f7bdc7870a78d2,5150000,"Краснодар, Прикубанский",1,36.0,12,16
https://krasnodar.cian.ru/sale/flat/326406962/?context=3.oX5nVsuc0h8.PUlG8eL97-Hlml3mDyWjirtSCxsn0ya8Zf0fhNGhoUObMQ4P2KSEqGqasmnSjIZ2Pe4sFSw7BED7oQ&mlSearchSessionGuid=139237a11829fed231f7bdc7870a78d2,5176152,"Краснодар, Центральный",1,37.0,4,9
https://krasnodar.cian.ru/sale/flat/326106299/?context=3.Aw_lprZiI14.j_XCWuAYos14kcbo1ZYtxes2AzP0IJmhFVpaD6cHRBM33PdNVuTkitg2pqtUXDCvVUW2ibJiocag0g&mlSearchSessionGuid=139237a11829fed231f7bdc7870a78d2,5180000,"Краснодар, Карасунский",1,35.0,3,9
https://krasnodar.cian.ru/sale/flat/327777069/?context=3.Ohy-0IX5sUw.IrCjnxSiVAvPUVCIYeSxrR7f-6kFzWcPMTH4QYMCdiJK9pHI_I1u0IxdfbISqs-NKgcRtF-aBvvEXA&mlSearchSessionGuid=139237a11829fed231f7bdc7870a78d2,5194800,"Краснодар, Прикубанский",1,35.1,2,9
https://krasnodar.cian.ru/sale/flat/325874595/?context=3.u_eVDSih-dQ.kom6p5XX9pJouwNwFaNSksKTaC5vv760goFniLZeJjj4KYWCI-GTaVDbVwLOMgpJeHrrFODLW-eDwQ&mlSearchSessionGuid=139237a11829fed231f7bdc7870a78d2,5200000,"Краснодар, Прикубанский",1,35.0,2,18
https://krasnodar.cian.ru/sale/flat/323124735/?context=3.f3GWBiT9OkI.UzHKLYtUFxCB12TkOadqlbzzPvJMOdM8FciorLPpOWu7C5ER3WVsgj-ZydgOoF3SwFfBx7lVPF44yQ&mlSearchSessionGuid=139237a11829fed231f7bdc7870a78d2,5200000,"Краснодар, Прикубанский",3,71.0,5,16
https://krasnodar.cian.ru/sale/flat/324110438/?context=3.Ydx6prUzpkc.tCIGM2nHH7scUae8PWxgJgICqE2yplUtezroISMvYPve3M6sz85Ndzl5esnDLrU15eC1aXpOqk2cUA&mlSearchSessionGuid=139237a11829fed231f7bdc7870a78d2,5200000,"Краснодар, Западный",1,50.0,12,16
https://krasnodar.cian.ru/sale/flat/301214371/?context=3.KmaJG3fIk0E.CCRuyLjHjb1DqhzwGWpNsWgi4T1FEQoIQirdlq5oSo2huldXVsejHLMe5dnZYifOaYGCQBoW1F9q0w&mlSearchSessionGuid=139237a11829fed231f7bdc7870a78d2,5200000,"Краснодар, Западный",1,44.0,8,16
https://krasnodar.cian.ru/sale/flat/300863960/?context=3.PtZGfr1RoYc.V21L5EDQx5ta0Seq3yDoyax0Raz-KFv3gidvFfj_l_3gttzR7rci0_McuETOiF-kE31uNgZGDosRdA&mlSearchSessionGuid=139237a11829fed231f7bdc7870a78d2,5200000,"Краснодар, Карасунский",1,40.5,7,24
https://krasnodar.cian.ru/sale/flat/324133705/?context=3.tsHLRF5IN2Y.daGeH-EY8f_MX-qh-0Nda_oxF_JhlIKr83arJ2Chmz7Kzni4ETZFVBYeOl4XzMgTL9mHhlz6UObPTw&mlSearchSessionGuid=139237a11829fed231f7bdc7870a78d2,5230000,"Краснодар, Прикубанский",1,37.3,7,13
https://maykop.cian.ru/sale/flat/301417649/?context=3.KHagB0eyq5E.bdLlysHZaNpgzoC1mBut5Ki3IfB6pVSNHoo1YV68M7CcueeVbRzwuz1NXqhCYvSbPSaBBpKdOzaI9g&mlSearchSessionGuid=139237a11829fed231f7bdc7870a78d2,5300000,"Краснодар, большая парковка прямо у дома",1,43.0,9,9
https://krasnodar.cian.ru/sale/flat/328371865/?context=3.JCxbJ6AWois.WyDpqlu1mo9CGshtZNw-EVyQV5ESe0mWK4ErIF_b0L0JnzyQX6ikXpG697I6qOl-IC9iQP08vZ96rw&mlSearchSessionGuid=139237a11829fed231f7bdc7870a78d2,5300000,"Краснодар, Прикубанский",1,38.8,24,24
https://krasnodar.cian.ru/sale/flat/306497443/?context=3.GEGyYnVoqlc.wxuNM4zFfD0cClaXIA15GiYBnexAeorliBhjkMsIWyavoeVANdCyvACNT9z4-GSJknvOiQHe3iV5Rg&mlSearchSessionGuid=139237a11829fed231f7bdc7870a78d2,5300000,"Краснодар, Прикубанский",3,59.0,1,23
https://krasnodar.cian.ru/sale/flat/328296526/?context=3.EGPpdZEtx4M.F4PZNvwQuOfdyY6Js_91SxzBKzSIfU45XM8puxUUTZjOADnxWwxTcxlJFJSvjDQTRCF5bdL-9SJ1-w&mlSearchSessionGuid=139237a11829fed231f7bdc7870a78d2,5400000,"Краснодар, Прикубанский",1,36.0,4,16
https://krasnodar.cian.ru/sale/flat/328139660/?context=3.PTI_CjXuvAM.kRwZIhXiqIoAb3dN04hlOqo-APY-Q_5qX2-KpU83If16sO8YnFqt2aLc4jBrYfKib-eXNwBbqk21rw&mlSearchSessionGuid=139237a11829fed231f7bdc7870a78d2,5402740,"Краснодар, Центральный",0,25.9,4,9
https://krasnodar.cian.ru/sale/flat/317705834/?context=3.VbkeuBvI7Nc.ULQctCc34H3api7k_MOrMhnYM--OFy04TmzuPRhgmXeuBFn4aDhj73TaJt-rOhn5Z2PKGkOVZOqDiw&mlSearchSessionGuid=139237a11829fed231f7bdc7870a78d2,5419700,"Краснодар, Прикубанский",1,41.69,4,16
https://krasnodar.cian.ru/sale/flat/325135371/?context=3.RghuA1rnSco.rBKvpbIdrP8yRABbB0QmLBE2Fzsosctl9LpwCbtMrqO5chK3QbzKFl7IRgtnrSe7QYUU21xImTtECw&mlSearchSessionGuid=139237a11829fed231f7bdc7870a78d2,5500000,"Краснодар, Центральный",2,56.8,2,10
https://krasnodar.cian.ru/sale/flat/318062088/?context=3.v3C5EJOP_ns.coMWVYlPs96HnAwSn5H79so17ErO6DpztI_T5nWFt_wIJpvMTbl8O6KFHqNmddSR1c1w5CVldm7Fkg&mlSearchSessionGuid=139237a11829fed231f7bdc7870a78d2,5515445,"Краснодар, Прикубанский",0,28.66,5,7
https://krasnodar.cian.ru/sale/flat/327648929/?context=3.96pRU_ziXRg.l7pYKH_IFyHhir8I6kRKjhEvbdncMzWWpIYkhoS2r2IuvQwfBDZdSiZJz0CHIoQDlr6JY95oVLaJCg&mlSearchSessionGuid=139237a11829fed231f7bdc7870a78d2,5600000,"Краснодар, Прикубанский",3,60.0,7,19
https://krasnodar.cian.ru/sale/flat/325172324/?context=3.9bPaNwd-g2E.8V4TDzSdbF8uV90KcZVDwwk6b0UPw3lyjIhEH3GFZ1ez7iJHDqjYzFfiemCdm_MprnqEF1ZLufIKfg&mlSearchSessionGuid=139237a11829fed231f7bdc7870a78d2,5600000,"Краснодар, Прикубанский",2,61.0,4,9
https://krasnodar.cian.ru/sale/flat/327836665/?context=3.4syX_1d-qOw.PevcrU-cRrDPVN1VCxvmvQJ05hSTSS-Arij49YxBL37Ecg0waivSxjCAOzmSJEIJkShD6xLgx2q5lw&mlSearchSessionGuid=139237a11829fed231f7bdc7870a78d2,5762400,"Краснодар, Центральный",2,48.02,5,9
https://krasnodar.cian.ru/sale/flat/327621100/?context=3.FRohnEa_Jtw.9dF-3hryBU6iuZWaTQ1wv3PjY6jOL9IYFqNLbEb5kWeRanInmlmZz4XdGv1FW6XJcjIH23J2m66ykg&mlSearchSessionGuid=139237a11829fed231f7bdc7870a78d2,5800000,"Краснодар, Прикубанский",3,66.0,2,9
https://krasnodar.cian.ru/sale/flat/324859428/?context=3.1CCfmqLbzWQ.Qn0pLfhwU7PjO2yjm2XY5tpR3X6GiUTC8fcAGNvjJWFjxBeJ2I2D5Ise3OACBCA79WdUtwQ0DiZW2Q&mlSearchSessionGuid=139237a11829fed231f7bdc7870a78d2,5850000,"Краснодар, Прикубанский",2,60.0,10,16
https://krasnodar.cian.ru/sale/flat/319447758/?context=3.KZiPw0sm-g4.RoflQodUPsDniUNjGJE8UZtl3CZotjtyuzPvVwhu8hd_hE02lK3RuwGTsOwBn4ObpZ1HB1vT5LJdAw&mlSearchSessionGuid=139237a11829fed231f7bdc7870a78d2,5888830,"Краснодар, Прикубанский",2,43.46,3,8
https://krasnodar.cian.ru/sale/flat/310277713/?context=3.Hw05mSEQetA.81Zu2ElxXZ6WyrGr4ZS6J9rtE3p_6c3ESaClwDKqCfbQKH1mhiF5rwhuGKS-pF15Y6VSQiYyL5oKgw&mlSearchSessionGuid=139237a11829fed231f7bdc7870a78d2,5917900,"Краснодар, Прикубанский",1,38.18,12,17
https://krasnodar.cian.ru/sale/flat/324859530/?context=3.eorgBvySTys.w6-0K0v37n-tPgDJP3YD_RwvQNrXBihxm3TlKk6sF8aIa21SzpRnKco5HyirxrY8V5NUhhg7D72cyg&mlSearchSessionGuid=139237a11829fed231f7bdc7870a78d2,5971680,"Краснодар, Прикубанский",0,28.6,2,9
https://krasnodar.cian.ru/sale/flat/328036149/?context=3.Y70i9nORtNs.r19rUEzbYgvPpno1zf8IPL8095e8NNfSDsBRFYoJ_ldTSR7XGEgV3-GCGcagRlt-dAmc6Ba_lGo37A&mlSearchSessionGuid=139237a11829fed231f7bdc7870a78d2,6000000,"Краснодар, Прикубанский",3,61.9,2,9
https://krasnodar.cian.ru/sale/flat/318478567/?context=3.m7p9f6S5F3g.yzeRzYUhbfluKQ6aer_F6oLyJUn0qqE6GHKQ4uQBJiqonsgDa1uiypJh3Ztg1LkA-Dsz1ioRCb01nw&mlSearchSessionGuid=139237a11829fed231f7bdc7870a78d2,6033150,"Краснодар, Прикубанский",2,55.35,5,24
https://krasnodar.cian.ru/sale/flat/319956548/?context=3.bn7QtIhR_NA.pECzYEg2zCp3lECyBPReVNhkSBO8okhRhSF05QkHle4MnA7ayvVQ_TVVCUY2Q2eo64k9pi7WNwgpKQ&mlSearchSessionGuid=139237a11829fed231f7bdc7870a78d2,6063400,"Краснодар, Карасунский",2,42.7,4,18
https://krasnodar.cian.ru/sale/flat/301217224/?context=3.u8vQlbb4HSk.Qk5soIzvP5C9xZQfC0mWqxGAux4razqecm_Uf12QPEZus5HpAP5DMRKnAd1ZwQ5UrEKpkuQBqIGvhA&mlSearchSessionGuid=139237a11829fed231f7bdc7870a78d2,6150000,"Краснодар, Центральный",2,57.0,9,25
https://krasnodar.cian.ru/sale/flat/321786144/?context=3.IAGhM23TCv0.fe-pyntBd-LR57SPKplCg7swVkWfr_mn2T8A9Dx4QFuGMXzAL16ICkz-wu3K6dVhSPgxc6F8f7Qx2g&mlSearchSessionGuid=139237a11829fed231f7bdc7870a78d2,6150000,"Краснодар, Прикубанский",2,46.0,8,25
https://krasnodar.cian.ru/sale/flat/316386067/?context=3.iIOCcLcTKmM.N24x3qJXPg7-iKG_fA9DUMSK2qhRtm8LM_OruX_hezMKynnYcYGLcBUNLRVFsg_DH1Ctyu8fIsGthQ&mlSearchSessionGuid=139237a11829fed231f7bdc7870a78d2,6192790,"Краснодар, Прикубанский",2,50.1,8,15
https://krasnodar.cian.ru/sale/flat/327288137/?context=3.ki34L3xotag.-H8pf9cMjhRLgaYjPZUexY-zN2mxGnbgcN7ICLSTy6tm3IZN2nb9BOCYB692AkJ8iZFSBtjOOdgToA&mlSearchSessionGuid=139237a11829fed231f7bdc7870a78d2,6252000,"Краснодар, Карасунский",2,50.5,5,19
https://krasnodar.cian.ru/sale/flat/308251369/?context=3.TDS-hAh5wd0.Z9J8dwSF8eWwvmN9wFBgW8mdmr9pFR3HTHNcOL2J2oy1IT95ZiaJrjgsyIRhuIX_PD58Y7xxMTv9_Q&mlSearchSessionGuid=139237a11829fed231f7bdc7870a78d2,6356880,"Краснодар, Прикубанский",1,32.7,1,7
https://krasnodar.cian.ru/sale/flat/315898428/?context=3.JbKJYvUXLgw.JCIH0gbLgVcs_6pnF4QQa43GpR6Bkl3BfqyWZEnh3X-wF7ymxwdbeRFZBd2FkAc59HX0oH3SPgBFDw&mlSearchSessionGuid=139237a11829fed231f7bdc7870a78d2,6381800,"Краснодар, Прикубанский",1,37.54,13,18
https://krasnodar.cian.ru/sale/flat/327467636/?context=3.sOxi974_YFE.ZrRUuyzuuYZSqf6ODWs302yyUXLmMEPEay8PCsXI9d_4xSl0_Hck8c8wNbHuz3WR4NlFsiOjLRP_iA&mlSearchSessionGuid=139237a11829fed231f7bdc7870a78d2,6450000,"Краснодар, Прикубанский",1,36.0,7,19
https://krasnodar.cian.ru/sale/flat/317020833/?context=3.J-Q8xti0L5s.rg3nz8JTBIE1Gzab6zI8ulq0ANjD2JLtrObeSsP_hB9jpUnDke28XKRx64HjD4tCYsHTnuwiF-8kOA&mlSearchSessionGuid=139237a11829fed231f7bdc7870a78d2,6511680,"Краснодар, Прикубанский",2,59.5,2,3
https://krasnodar.cian.ru/sale/flat/317233995/?context=3.l0bkCBm-RJU.v3-rWAokuIf1g1PNdNtEjoVAcMaNCRK3mkQCUTmwuLmKC8MWIMZtD-biIDk9mmTpy-mBuR2H6dBj0Q&mlSearchSessionGuid=139237a11829fed231f7bdc7870a78d2,6531340,"Краснодар, Прикубанский",2,44.6,19,24
https://krasnodar.cian.ru/sale/flat/311174987/?context=3.03MGJyUw2Cs.tuS75UNuR1rrPK14zZqAJAeeDuR4ax1ie-WC2ypx8KwEfXWfdwZS6wYXeUvz1METqAOxa70vJbGczQ&mlSearchSessionGuid=139237a11829fed231f7bdc7870a78d2,6600000,"Краснодар, Западный",1,43.0,11,24
https://krasnodar.cian.ru/sale/flat/328325641/?context=3.Y3T1s8rBMrs.9dVbyHHmWokYx4MC-saUdJit27zrcpNWpt3HLFSOxf7oblhw8QwAhedoM-3r8wRnxbCnT4OsVy91XQ&mlSearchSessionGuid=139237a11829fed231f7bdc7870a78d2,6700000,"Краснодар, Центральный",0,32.0,2,16
https://krasnodar.cian.ru/sale/flat/327835774/?context=3.062Xjn_GBek.giPBqmpEhxhZy7HffDt9Z7-pWIbSE6AYkRnCgtw5ZfemuzZR6sLUxJG4BXt5whxjsVQKWFvGlTsoTg&mlSearchSessionGuid=139237a11829fed231f7bdc7870a78d2,6747000,"Краснодар, Прикубанский",2,51.9,5,8
https://krasnodar.cian.ru/sale/flat/327536237/?context=3.hW7KLI--EsE.s0YOQQx_fXzyCl4z1ZMDtOuzM0JiQpTF3s6JOxMMkVrani5JT5cQ1SezJ2FmZMVfLXLA4DubJoqO_g&mlSearchSessionGuid=139237a11829fed231f7bdc7870a78d2,6750000,"Краснодар, Прикубанский",2,61.0,12,16
https://krasnodar.cian.ru/sale/flat/328341489/?context=3.rKvCQfpTN-8.Z-UQ-WB_2q0LCCPApTU6zd5V1EM948-wOkix6cqZEo-hDH0lQKAQi_bfCI7R3LNxObpkDskFMRW7rw&mlSearchSessionGuid=139237a11829fed231f7bdc7870a78d2,6800000,"Краснодар, Прикубанский",1,38.0,18,23
https://krasnodar.cian.ru/sale/flat/326407076/?context=3.QKyEU4ao4eM.xH7OoE2mi3u9Q2WQ_P_WTGrmXXnbVeFP0fp8UB4gVBUaFtKDeziwJ0KwwKN2SqsI4__P5kgWEjEPAw&mlSearchSessionGuid=139237a11829fed231f7bdc7870a78d2,6917644,"Краснодар, Центральный",2,58.3,8,18
https://krasnodar.cian.ru/sale/flat/325802049/?context=3.jw3sFcNIt6c.pbAWQI-w13hBnK6GZgYjhevGyopraH506farKMPhijcAtAl2MzIwu-874HNNTXkMLWEoyHI09xMXIQ&mlSearchSessionGuid=139237a11829fed231f7bdc7870a78d2,6951015,"Краснодар, Карасунский",2,60.66,3,18
https://krasnodar.cian.ru/sale/flat/328218481/?context=3.RFqFV1V9PPc.ofYp_Pf3yR0CXYwejccO64gGZFpzN8GJ5gjGkaWUnC9AJaM13zmO7gzRaKzfrOcFfU9KN8mZNbYB-w&mlSearchSessionGuid=139237a11829fed231f7bdc7870a78d2,7000000,"Краснодар, Западный",2,42.7,4,8
https://krasnodar.cian.ru/sale/flat/327987535/?context=3.otjq0JX7NxM.eEwfFseeeXCda3jRT1dalblLEFxT2yVK6Lxz_PtbQsPq2-bJW4dI4eOefAktXWLghFlR7J5syhiACA&mlSearchSessionGuid=139237a11829fed231f7bdc7870a78d2,7068680,"Краснодар, Прикубанский",2,57.94,2,9
https://krasnodar.cian.ru/sale/flat/323007909/?context=3.80bpt0W2a7E.CkyfTWfxgiJkq-f8ZpXRSyFm2E056vLT8WZNdki0d7DPdj0NHGIHsr8WvqqGaeGYD7-I1nQXqE4vGQ&mlSearchSessionGuid=139237a11829fed231f7bdc7870a78d2,7150000,"Краснодар, Западный",3,70.0,7,9
https://krasnodar.cian.ru/sale/flat/324085759/?context=3.y9DselhZ_Og.GR-OXMed034QZv80lzrEhIeuQoMkCY0jxx3V8ZMDLa23edYOt7yLQHeYmu-vqFuyU5q-l8PBqaaPGg&mlSearchSessionGuid=139237a11829fed231f7bdc7870a78d2,7184000,"Краснодар, Центральный",1,35.92,7,8
https://krasnodar.cian.ru/sale/flat/323407601/?context=3.tN9EfvjsFFg.b5kxo4Ii6XYwMkViJ84gHesM76Egj1Jd8IvYK8it73orlmPDAI9a20eUyrNYvVz0ZMBfFReqgnDECg&mlSearchSessionGuid=139237a11829fed231f7bdc7870a78d2,7200000,"Краснодар, Центральный",3,73.2,1,5
https://krasnodar.cian.ru/sale/flat/322059644/?context=3.snbDzUA9jZs.GWvpf8SHEbl7JPrGBNeHeUwfLEYryA6rtMG_zN7RMfm2FJQJOTDSWojV7TV4J2EgJuSL3UV6AUoHmQ&mlSearchSessionGuid=139237a11829fed231f7bdc7870a78d2,7200000,"Краснодар, Карасунский",1,42.0,4,18
https://krasnodar.cian.ru/sale/flat/328299301/?context=3.dYsW5MOpZtA.vrx1fNVDIPl5Vxx7naNnBrzW2igFgC-wevEWCRMKL0Sf2sUq2dBkUL375wYOFMK5Vlt4JtzuCqH10Q&mlSearchSessionGuid=139237a11829fed231f7bdc7870a78d2,7250000,"Краснодар, Западный",3,72.0,7,10
https://krasnodar.cian.ru/sale/flat/327819279/?context=3.Wriv1Lq9-vk.sF-_ukTXZyPDaikd6m3YI8nSjamHg5NsjhV8Xmo3WkImYJ9-23AlP2Y-xCwGq__N01L6d5CwDMVk4g&mlSearchSessionGuid=139237a11829fed231f7bdc7870a78d2,7300000,"Краснодар, Прикубанский",1,63.0,2,6
https://krasnodar.cian.ru/sale/flat/317807238/?context=3.1oKaeWYKjzw.WMT2o_pIQk_1uvAfgakDrt_im4POmDQWRPJJ1l13PkdMZu7lt1T62nd-hgKhadcwvm7JfEa0sOKZaQ&mlSearchSessionGuid=139237a11829fed231f7bdc7870a78d2,7316000,"Краснодар, Центральный",0,25.7,21,24
https://krasnodar.cian.ru/sale/flat/318478560/?context=3.928dm2SgEXU.M9CS4KGfB7zar9ihqP3aMF_nTjsIB3Fl3wpV-brVCjU7EIWXF3gjsvewL9-BiTG8e64DgFwf6FjICQ&mlSearchSessionGuid=139237a11829fed231f7bdc7870a78d2,7324800,"Краснодар, Прикубанский",3,67.2,3,24
https://krasnodar.cian.ru/sale/flat/321810832/?context=3.HXdaSz0DUak.s0Fj1xGi9Ml2OQuNChngmiM-_JchQRAkWEbeOsU9v17r_9zp00M2uwq-rfr2l4NpGQ_wAsASsnkRMA&mlSearchSessionGuid=139237a11829fed231f7bdc7870a78d2,7387108,"Краснодар, Прикубанский",2,52.35,16,16
https://krasnodar.cian.ru/sale/flat/317234031/?context=3.5ffwxRc91gc.fPzp6RGd4vyLgVZ1Tc_rD5BYXvqdUkO6fvX9cSg0nlPH9bA5LEs6E9koX0HYgTNsb0uFYWXr8576Lw&mlSearchSessionGuid=139237a11829fed231f7bdc7870a78d2,7430060,"Краснодар, Прикубанский",3,63.5,9,24
https://krasnodar.cian.ru/sale/flat/328298441/?context=3.i-2tH9A6vqI.VOJhKF-r7_ijLBTNGWXNbC_5J5pLBlBj6lEe9p29TOp4cADyKt70-Pmrgjbev_HHsEQusFNziXcyUg&mlSearchSessionGuid=139237a11829fed231f7bdc7870a78d2,7500000,"Краснодар, Центральный",3,60.0,2,6
https://krasnodar.cian.ru/sale/flat/327836622/?context=3.gXdWBdpfXZQ.y3oGvUWKataIQSAwRDOzkp_ILZfzSztgOs9OzD75b9-5M4y7eb9lP2pGEHX2RIg81rIHNdiMg3QxZw&mlSearchSessionGuid=139237a11829fed231f7bdc7870a78d2,7605100,"Краснодар, Центральный",3,64.45,8,18
https://krasnodar.cian.ru/sale/flat/323382025/?context=3.yC-3983AtNY.LxsqySDb5r2znFxB5tw910eXUDrhr05jwWgVXOExRfuQl9xQ9I0OvxbvGc7RsKw-DLrajrody5kRXQ&mlSearchSessionGuid=139237a11829fed231f7bdc7870a78d2,7613000,"Краснодар, Прикубанский",2,66.2,7,12
https://krasnodar.cian.ru/sale/flat/327682057/?context=3.BAYPfcJIxDI.-o5AbN5bGRTVn18U8XgjbTp98sAUu65glmTSn_alDfKnyUUu1SyoejK3ayMvIlPfehZozB01Vz-QVg&mlSearchSessionGuid=139237a11829fed231f7bdc7870a78d2,7800000,"Краснодар, Прикубанский",1,47.0,3,22
https://krasnodar.cian.ru/sale/flat/319014512/?context=3._ran4oD97t0.-YKH_Cse0bcbeG6Xy_zcRnKQserpUowUH9QwdTew-s42lj6AiHBVilLrA5JWrLWEcX1a1EHjwCHlVQ&mlSearchSessionGuid=139237a11829fed231f7bdc7870a78d2,7829200,"Краснодар, Прикубанский",3,68.08,5,9
https://krasnodar.cian.ru/sale/flat/317807209/?context=3.6CmB1jNtNZ4.N2soHriIQARMfMdV-Ap04cRGeKN0PUCofPDWhqzakcoJzky7dClYck5H8dZ9i-Nr-GnM1MgV5BFxKA&mlSearchSessionGuid=139237a11829fed231f7bdc7870a78d2,7841800,"Краснодар, Прикубанский",2,56.08,7,16
https://krasnodar.cian.ru/sale/flat/327836766/?context=3.1KHPUQqGMm0.YrG_jxbW8SEZtyo087n-LJZr5dn-gklhOJYoE0ewcnJ8R_I9UpoQsZYEd1Cv6Kg-R-0SinE9cByscA&mlSearchSessionGuid=139237a11829fed231f7bdc7870a78d2,7865766,"Краснодар, Карасунский",3,68.22,3,12
https://krasnodar.cian.ru/sale/flat/317822528/?context=3.-_yzTlG5xGY.cNKePxy7aZJJeQcmaOJCSQXX57Ooar4v1oFypQweEuB2GIvXJ68WWbDlTO-cD7zrJOBABYaOVIJtdA&mlSearchSessionGuid=139237a11829fed231f7bdc7870a78d2,7923600,"Краснодар, Прикубанский",3,88.04,2,17
https://krasnodar.cian.ru/sale/flat/302742449/?context=3.KGfRH9AE9js.jws5llEVhLlRxzRJGqACBNHk7xsRnc2aCPi-TAwzhrNbWgHywXJOjAmN2WcHReq4Q1iovx7b7bB2GA&mlSearchSessionGuid=139237a11829fed231f7bdc7870a78d2,8034145,"Краснодар, Прикубанский",2,56.7,12,21
https://krasnodar.cian.ru/sale/flat/309539380/?context=3.jChBjbCS6xA.HsopagmRynSNKX3h5YLmW4wSX0Q84Wl2oDuDPX4qqBBWwSSOjxjsOAgK0rixcMppL5hKZ-91yi0qAA&mlSearchSessionGuid=139237a11829fed231f7bdc7870a78d2,8041224,"Краснодар, Прикубанский",3,71.6,8,8
https://krasnodar.cian.ru/sale/flat/328271733/?context=3.mJm_zYKcN0w.1H7ldCZz3WBZe48QR2HZF0YQBPQC1Q_aEwNMn0vkqMVOZ2zF4hGqTFpNF2ZxKWzatpRt459QZUoq-g&mlSearchSessionGuid=139237a11829fed231f7bdc7870a78d2,8100000,"Краснодар, Западный",2,62.0,1,16
https://krasnodar.cian.ru/sale/flat/326934730/?context=3.vqnJlem8lMw.hxq--rSZZRq-VGJ-ZsmQX9ODRqFdD53LORdZCQYpo-dUOsuqOZpovYtHanRnI97B4Nry4lkAWQ7BtQ&mlSearchSessionGuid=139237a11829fed231f7bdc7870a78d2,8250000,"Краснодар, Прикубанский",2,52.55,2,17
https://krasnodar.cian.ru/sale/flat/327287289/?context=3.EhuGOTGqSSw.KkZ3nb66-IdvKj06S_t2AhDsQs-RYpxTlDjl03KDTyifmzSNYb9svwpr4A1wVb-wCXrMOKnNXDCcGw&mlSearchSessionGuid=139237a11829fed231f7bdc7870a78d2,8267950,"Краснодар, Карасунский",2,60.35,9,21
https://krasnodar.cian.ru/sale/flat/326408650/?context=3.vRwzDJD9NEM.qiptN1HKuqRlcvrj8PdxqRDeNERwXXl_IvVZSuAfsTFuxLRsVpawqfGr6F4wpEdxy5lczzczsM6iZA&mlSearchSessionGuid=139237a11829fed231f7bdc7870a78d2,8373840,"Краснодар, Прикубанский",3,68.08,2,18
https://krasnodar.cian.ru/sale/flat/316386095/?context=3.fKStXhJ7IHU.84jOo0Ua86mb4p0Z0c-BEERIOgBEWZBDodONqNuxQel6LpP7cu6b01iHzjt1UNr8zsvyDwQQJuxCbw&mlSearchSessionGuid=139237a11829fed231f7bdc7870a78d2,8433421,"Краснодар, Прикубанский",3,80.78,2,12
https://krasnodar.cian.ru/sale/flat/327767433/?context=3.C4eB6-I8BbM.-ExfUhf2UsmHYFa7f40rjuC_hDOOLiNESLFDD3HHObswAuQ_NTFnTZ-JVnahhRatirlaqvk0AyM2ig&mlSearchSessionGuid=139237a11829fed231f7bdc7870a78d2,8500000,"Краснодар, Центральный",1,43.0,14,24
https://krasnodar.cian.ru/sale/flat/328243224/?context=3.b3M6DdnIp_o.aHrW0CVS_Upj-ItiSxlE7jnVNk7_jLOgNAigzBA-9DVaT9xEwMtJqIPOEPmOrnuCdCRMymIUEdwrHw&mlSearchSessionGuid=139237a11829fed231f7bdc7870a78d2,8619300,"Краснодар, Центральный",1,36.6,2,18
https://krasnodar.cian.ru/sale/flat/321774301/?context=3.Z2obe8I_LKw.zrP_O-opcvvtWRSOZzkwE-SwcYpGj4R0BszhLRvrqd_coZLsf916LzS26ADTevl0JleGvNd3mVczQw&mlSearchSessionGuid=139237a11829fed231f7bdc7870a78d2,8869770,"Краснодар, Прикубанский",3,66.69,2,18
https://krasnodar.cian.ru/sale/flat/319447783/?context=3.hjehjkcW-hs.41oSB8GDHqT-Bxs1CC8GEGBhVGPNbNzr0MgpcAZvJTtd2D3K3XUx3Kw7a0JUKyk_l9_73MvcET_YDA&mlSearchSessionGuid=139237a11829fed231f7bdc7870a78d2,8947290,"Краснодар, Прикубанский",3,85.62,6,8
https://krasnodar.cian.ru/sale/flat/323381310/?context=3.IpJDSAZ-4H8.hesi2LM1QtpckdnheJGPTmeEmeA8Y1JcXF_wTrOrZlFwLMTgS-Z8tsNUgfx9U_NFzgtXvquz2uEe6w&mlSearchSessionGuid=139237a11829fed231f7bdc7870a78d2,8947710,"Краснодар, Карасунский",3,80.61,3,23
https://krasnodar.cian.ru/sale/flat/324048332/?context=3.SjN4UrZLh3w.9GPh-471mH46R8vrPahmBapCk__IseOub2Uq-CiEJrofp0Mnp5HpZG1RQOwM74gpOBiIpMzITDvlxQ&mlSearchSessionGuid=139237a11829fed231f7bdc7870a78d2,8950000,"Краснодар, Прикубанский",1,45.0,13,25
https://krasnodar.cian.ru/sale/flat/326959918/?context=3.JC0YOW7LK1I.S0ludrVQhjeUQsH6TA7T5yo0v3TIGZrxWCoZPESxMhuCM4FspZBpn_ubCCPayM2dY3E1pVjpxj5Dkg&mlSearchSessionGuid=139237a11829fed231f7bdc7870a78d2,8960000,"Краснодар, Прикубанский",2,60.2,2,17
https://krasnodar.cian.ru/sale/flat/320917154/?context=3.JjFvkr4qkiA.fkX7j1vDv_EHwk0fbm9i1YpQLvpO7FhKOWIyKwXWMBC7vt6aweF-JiASaUZM23p0a6uiinoiuRIQUg&mlSearchSessionGuid=139237a11829fed231f7bdc7870a78d2,9700000,"Краснодар, Прикубанский",2,61.9,21,24
https://krasnodar.cian.ru/sale/flat/323381304/?context=3.3M90LB8cb5g.qUob6fr7Y3OsbWJlNZGk3WQHfBzWxpyiHj6Uo3OvoQu41iXh5rVXCOa-yuqmZIfLrRf2u70tOkYY6w&mlSearchSessionGuid=139237a11829fed231f7bdc7870a78d2,9744000,"Краснодар, Карасунский",2,46.4,8,16
https://krasnodar.cian.ru/sale/flat/302742385/?context=3.ixtcZYapK_Q.MZp3I0Lz2ZrXLhhzHfqOgPqVXpeJ8tZ82LKXKkYz4s2Q93h23LJeAzRvAGhZ0ZeOwHX9mQWgGcOMBQ&mlSearchSessionGuid=139237a11829fed231f7bdc7870a78d2,10388267,"Краснодар, Прикубанский",3,87.4,19,21
https://krasnodar.cian.ru/sale/flat/326101972/?context=3.94MdJIZMxz4.JNsSo0tv-0CXlY3nm2zv3cQ2F5ZA8fld8F0Amx3RDbNuKE6IcLkrkZg_k_sCcJPbAcGgjwUAJvgklg&mlSearchSessionGuid=139237a11829fed231f7bdc7870a78d2,10537725,"Краснодар, Карасунский",1,36.43,4,18
https://krasnodar.cian.ru/sale/flat/314630642/?context=3.pW0reHLWCkc.ubtDnmgpD7VLHk6pSPn515cqLoDdttkon5LImiCBYsyvmmxM6VsEbxk2ntCAGa7iSXhln1g4e7TrGA&mlSearchSessionGuid=139237a11829fed231f7bdc7870a78d2,10870000,"Краснодар, Прикубанский",3,86.96,12,18
https://krasnodar.cian.ru/sale/flat/323391619/?context=3.OrgT3fKT8gQ.FAd_5MvWIS1HunrpjUkcnFwgkns8sQf2ilhq946AKVt7aVAlSyAB20rCUuK7VwOznGCHSYngb_5e8A&mlSearchSessionGuid=139237a11829fed231f7bdc7870a78d2,11426170,"Краснодар, Прикубанский",2,70.97,7,9
https://krasnodar.cian.ru/sale/flat/317037772/?context=3.7edq4w7AWoU._psX5Hk6Xs1U_Nz1BLLYm8t3F22mp6wBDWC0H6dJqF2MVhWqseJSM_hQpiq9gbEpW9yzhgv8v65S1w&mlSearchSessionGuid=139237a11829fed231f7bdc7870a78d2,11564620,"Краснодар, Прикубанский",3,73.66,5,9
https://krasnodar.cian.ru/sale/flat/326150599/?context=3.-nLiBDV2Jjw.haYqij3smvjp2sxPktLnhcXQuWHdKM0-77jRaU2SZWMtqCXz7AwzKyOVCulKmdXw07lxcpwSDVF6DA&mlSearchSessionGuid=139237a11829fed231f7bdc7870a78d2,11800000,"Краснодар, Прикубанский",2,86.7,1,11
https://krasnodar.cian.ru/sale/flat/300833474/?context=3.oaptY8zN3ZQ.ZbpRDWBPCsjhUgUEmocn0Mwi6L2lPAWhupek1YhAZhm0NnNiO9Uv19hp2jk6rFwNaKkT63RBFrlp5w&mlSearchSessionGuid=139237a11829fed231f7bdc7870a78d2,11833500,"Краснодар, Центральный",2,48.3,4,24
https://krasnodar.cian.ru/sale/flat/326406862/?context=3.WUb5GtOEkb8.wTEjQUwuAhXEnP89rcZjvpvq_ePEbSXuJ2EIJgWLemqHY7wKCUX1pVrFPna9lUgZW_sdeJ7ukd2uUQ&mlSearchSessionGuid=139237a11829fed231f7bdc7870a78d2,11899920,"Краснодар, Центральный",3,83.1,2,9
https://krasnodar.cian.ru/sale/flat/323381711/?context=3.ZCybA4t79N8.ECgytAekQhidTAxOY1FczqyKV3rsw7psAvXpPJKbnUc9hqQ9ZwxKMxfnHaY8PJt2_WVH_ULSKpynBQ&mlSearchSessionGuid=139237a11829fed231f7bdc7870a78d2,11907351,"Краснодар, Карасунский",2,83.21,3,21
https://krasnodar.cian.ru/sale/flat/317144556/?context=3.pkzn6TZOC60.Y0QO2pzd2qaQxAcZk5JYc5UjEARoXYnErVw_tKKEsSu580MEyLBTscvr8XnWhhcKtabMKWT0TP7xsg&mlSearchSessionGuid=139237a11829fed231f7bdc7870a78d2,12038300,"Краснодар, Западный",1,52.21,13,23
https://krasnodar.cian.ru/sale/flat/328092584/?context=3.A2zw4HxX-8E.5Q3wTx1BTIEYxmb79U-6vMxGEmh1BjPdwcPNZNOA5jgD2yimAiStfwewHJzK-dxF8SgeiOK7dYGa7g&mlSearchSessionGuid=139237a11829fed231f7bdc7870a78d2,12700000,"Краснодар, Западный",1,60.1,5,25
https://krasnodar.cian.ru/sale/flat/327957429/?context=3.L6aF1enrkN4.5oO5HDXIPrRtuIgD91l3OaOVUs1YKG6jjb66gSytQwc4r1HpDEe4F7NRYLTWRZbYGvHostbJ1p8J9g&mlSearchSessionGuid=139237a11829fed231f7bdc7870a78d2,12760000,"Краснодар, Прикубанский",3,104.5,10,17
https://krasnodar.cian.ru/sale/flat/319993243/?context=3.OkRVuGhTMR4.VMggmVgXD3VxlvRsf15_sgSuRY5iIOUXV1o32ZvP4HK6YUZo0ZziWRwoXBdV2R5cKaePKuhon76CTw&mlSearchSessionGuid=139237a11829fed231f7bdc7870a78d2,12880000,"Краснодар, Прикубанский",3,84.0,3,22
https://krasnodar.cian.ru/sale/flat/328295730/?context=3.hrMBybLR73g.TECtTsBu1QjCfhrtg5QPUmSgy-1TYt21OurRDICs5sXrexNr7Cqmnv_HGT0JluSqlNOQg5dgX1RY3A&mlSearchSessionGuid=139237a11829fed231f7bdc7870a78d2,12900000,"Краснодар, Западный",3,82.2,6,16
https://krasnodar.cian.ru/sale/flat/323381730/?context=3.pJ_zaFYxR7w.5yU_1z9woTAQSDNO5ygRC0T45TTaM8Ll3NMZa2R0LFEd7j2uRUkclKWjFS0YYXkUlThABZq7MULxfg&mlSearchSessionGuid=139237a11829fed231f7bdc7870a78d2,12940980,"Краснодар, Карасунский",3,91.78,3,21
https://krasnodar.cian.ru/sale/flat/328016666/?context=3.F-OGosxhMvg.SKE8o67z9oHTBp8RvBlmNNvBmvTLSN1PdKdb0rWYJdy7OCvhhlDreI8GTqGOMW1n-323PeR_yxwkpw&mlSearchSessionGuid=139237a11829fed231f7bdc7870a78d2,13200000,"Краснодар, Западный",3,97.4,5,12
https://krasnodar.cian.ru/sale/flat/324480999/?context=3.7aX2dEb6x5M.HFN2nkWQZpvP7bpcynKnUU9GUgRCqiHlE29Jm5Z2ARjopFGqPEZiLCByOJ4kSlMlWy_RsQ-4Xh3t-w&mlSearchSessionGuid=139237a11829fed231f7bdc7870a78d2,13400000,"Краснодар, Прикубанский",3,120.0,2,16
https://krasnodar.cian.ru/sale/flat/323391565/?context=3.c5Aw2BqPgTk.A2DgPS1OGQdMaAlWfmb7IgCEhsEXyn4-mbzuqtX7JP6nae9K1nCnNIJXQOXO3eywhBKuSyFOs7B1dg&mlSearchSessionGuid=139237a11829fed231f7bdc7870a78d2,13564250,"Краснодар, Прикубанский",3,84.25,5,18
https://krasnodar.cian.ru/sale/flat/326106352/?context=3.HhfaIK-CFVA.tOlZW3Jap0oqCwVReelrRrSgJcTIDdOpC8HYCm5YUqk5aHWicf1qTXkwmZ6wrLisMBzGn_rzjCviXA&mlSearchSessionGuid=139237a11829fed231f7bdc7870a78d2,14514500,"Краснодар, Карасунский",4,100.1,9,9
https://krasnodar.cian.ru/sale/flat/313166367/?context=3.s8vJezTdSK4.StyDtIwXbDu9_aGpvdLg1Zqk7Rk4OiBd5Idgj96ahxDDc9NVbM8TTY5otXxKuE-LmH-ffeiOR20vlg&mlSearchSessionGuid=139237a11829fed231f7bdc7870a78d2,14716700,"Краснодар, Западный",2,40.1,4,19
https://krasnodar.cian.ru/sale/flat/310913841/?context=3.gkIfTwbICxQ.FkXkuHCWomlX6bvBDxLtySgQY4TP0GSr6YYIew6ydDZjzfFx_wQ2t0yEL9DHG8lEMBZibvOuESiFkg&mlSearchSessionGuid=139237a11829fed231f7bdc7870a78d2,16926000,"Краснодар, Западный",2,75.89,12,12
https://krasnodar.cian.ru/sale/flat/317144541/?context=3.1QbAoh_W984.mcl2VURk-dGJ6vZYyU3hXpQk2zzWVZ4ULRyUmV153Ea4st0CX1vnvhwEjV-MtrCjjR60U3kIlRKxpw&mlSearchSessionGuid=139237a11829fed231f7bdc7870a78d2,17982750,"Краснодар, Западный",2,79.79,15,23
https://krasnodar.cian.ru/sale/flat/317144562/?context=3.yG8ruxOC-DQ.V832wHdVGD7LoxtH9FK5EeRNukjrKkZoQC9crAtqAD5bCjnTcEu1E6045GUMQ2t3Y_2zvIi-yhavnQ&mlSearchSessionGuid=139237a11829fed231f7bdc7870a78d2,18374800,"Краснодар, Западный",2,79.76,19,23
https://krasnodar.cian.ru/sale/flat/313166582/?context=3.LDzJgqkHYUA.Fyadzb33jF41EInWqL7GhfWVBvAAPWzFUCsni_dw-nFp2lnxu58m0hmq8xy-Y8bpcJL1lJnzb1RN8w&mlSearchSessionGuid=139237a11829fed231f7bdc7870a78d2,22178534,"Краснодар, Западный",3,68.4,7,19
https://krasnodar.cian.ru/sale/flat/328074356/?context=3.7Aybz3B85Nw.2gMBiXNqW1IZ72rzdtD-nMp_7-vrpE1f-2Y2YVzsrFS8NCniUguncmqhulM0Fwth_c96oUGZfitIRA&mlSearchSessionGuid=139237a11829fed231f7bdc7870a78d2,23000000,"Краснодар, Западный",3,100.7,4,4
https://krasnodar.cian.ru/sale/flat/319749453/?context=3.qyugZyI6_9s.EyplM6Xo8Kit-iJv7Q1Nhy2rBkYFfwjA0EDtPHs7uleZkF0v5nAhm_1oyiFc0l2bKGiG6gKfhpITrQ&mlSearchSessionGuid=139237a11829fed231f7bdc7870a78d2,25900000,"Краснодар, Западный",3,80.0,7,24
https://krasnodar.cian.ru/sale/flat/325196291/?context=3.PG1nsAlrlt8.HPEKV7k2vJG1o5GXKZ56oCmUpDXn4OkiTLq6NMJPZEVwzmqflytpCIVyBZ72IDeejsCpP1WViSqYOw&mlSearchSessionGuid=139237a11829fed231f7bdc7870a78d2,26000000,"Краснодар, Центральный",3,134.0,4,11
https://krasnodar.cian.ru/sale/flat/277574279/?context=3.skIwMtch64E.CzchTAQMvdYaAS7ODOjyqXvuWjKgL5ANtVlqWNntaqUHnM6xNlZrOJjLpFwjusOLgYRipo2okyNT4g&mlSearchSessionGuid=139237a11829fed231f7bdc7870a78d2,49000000,"Краснодар, Западный",4,230.0,10,16
https://krasnodar.cian.ru/sale/flat/328302500/?context=3.diEZBZKJ0Rg.KDhQaJ4sWD4vVHx7UiIvA-TyZKgzD0GEC3VND9k65dTP3Cs5VRHP1x14B9yPYHSdxfVMT6qjttM83g&mlSearchSessionGuid=139237a11829fed231f7bdc7870a78d2,49000000,"Краснодар, Западный",4,145.0,16,25
https://krasnodar.cian.ru/sale/flat/326480058/?context=3.RBufDvvxr24.fCWHCJnTukUUFA3yWPb2ztr_VAY2sLohWAKdKGQ4mWzIvDQ2K-nh4M3yD0Sr6Ka232lnqhpofRw-eA&mlSearchSessionGuid=139237a11829fed231f7bdc7870a78d2,82245800,"Краснодар, Прикубанский",5,179.89,17,25
